{
    "confidence_score": 0.9011754989624023,
    "ptm": 0.7508199214935303,
    "iptm": 0.65445876121521,
    "ligand_iptm": 0.0,
    "protein_iptm": 0.65445876121521,
    "complex_plddt": 0.9628546833992004,
    "complex_iplddt": 0.9577431678771973,
    "complex_pde": 0.6144142746925354,
    "complex_ipde": 3.2023651599884033,
    "chains_ptm": {
        "0": 0.9823015928268433,
        "1": 0.9824296832084656,
        "2": 0.9902554154396057,
        "3": 0.990443766117096
    },
    "pair_chains_iptm": {
        "0": {
            "0": 0.9823015928268433,
            "1": 0.972653865814209,
            "2": 0.45195984840393066,
            "3": 0.46504297852516174
        },
        "1": {
            "0": 0.9714601635932922,
            "1": 0.9824296832084656,
            "2": 0.44864317774772644,
            "3": 0.45471638441085815
        },
        "2": {
            "0": 0.437872976064682,
            "1": 0.44466841220855713,
            "2": 0.9902554154396057,
            "3": 0.9624636769294739
        },
        "3": {
            "0": 0.4382598102092743,
            "1": 0.4327651560306549,
            "2": 0.963651716709137,
            "3": 0.990443766117096
        }
    }
}